"site","data"
"Amazon","₹69,900."
"Croma","₹79,900.00"
"Croma","₹62,990.00"
"Amazon","₹57,990."
"Croma","₹82,900.00"
"Amazon","₹82,900."
"Croma","₹82,900.00"
"sample","Data not found"
"Croma","₹82,900.00"
"Flipkart","Data not found"
"Croma","₹82,900.00"
"Flipkart","Data not found"
"Croma","₹82,900.00"
"Flipkart","Data not found"
"Croma","₹82,900.00"
"Flipkart","Data not found"
"sample","Data not found"
"Croma","₹82,900.00"
"Croma","₹82,900.00"
"sample","Data not found"
"sample","Data not found"
"Amazon","₹112"
"sample","Data not found"
"Amazon","₹112"
"sample","Data not found"
"Amazon","₹112"
"BooksWagon","N/A"
"Amazon","₹112"